-- phpMyAdmin SQL Dump
-- version phpStudy 2014
-- http://www.phpmyadmin.net
--
-- ä¸»æœº: localhost
-- ç”Ÿæˆæ—¥æœŸ: 2018 å¹?01 æœ?04 æ—?02:26
-- æœåŠ¡å™¨ç‰ˆæœ¬: 5.5.53
-- PHP ç‰ˆæœ¬: 5.6.27

SET SQL_MODE="NO_AUTO_VALUE_ON_ZERO";
SET time_zone = "+00:00";


/*!40101 SET @OLD_CHARACTER_SET_CLIENT=@@CHARACTER_SET_CLIENT */;
/*!40101 SET @OLD_CHARACTER_SET_RESULTS=@@CHARACTER_SET_RESULTS */;
/*!40101 SET @OLD_COLLATION_CONNECTION=@@COLLATION_CONNECTION */;
/*!40101 SET NAMES utf8 */;

--
-- æ•°æ®åº“: `smart_store`
--

-- --------------------------------------------------------

--
-- è¡¨çš„ç»“æ„ `address`
--

CREATE TABLE IF NOT EXISTS `address` (
  `id` int(10) NOT NULL AUTO_INCREMENT COMMENT 'ä¸»é”®',
  `memberId` int(10) NOT NULL COMMENT 'ä¼šå‘˜id',
  `name` varchar(200) COLLATE utf8_bin NOT NULL COMMENT 'æ”¶è´§äººå§“å',
  `phone` varchar(200) COLLATE utf8_bin NOT NULL COMMENT 'æ”¶è´§äººç”µè¯',
  `areaId` int(10) NOT NULL COMMENT 'åŒºåŸŸid',
  `address` varchar(200) COLLATE utf8_bin NOT NULL COMMENT 'åœ°å€',
  `postCode` varchar(200) COLLATE utf8_bin DEFAULT NULL COMMENT 'é‚®ç¼–',
  `createTime` int(10) NOT NULL COMMENT 'åˆ›å»º',
  PRIMARY KEY (`id`),
  UNIQUE KEY `memberId` (`memberId`,`areaId`,`address`)
) ENGINE=InnoDB  DEFAULT CHARSET=utf8 COLLATE=utf8_bin COMMENT='åœ°å€ç°¿' AUTO_INCREMENT=7 ;

--
-- è½¬å­˜è¡¨ä¸­çš„æ•°æ® `address`
--

INSERT INTO `address` (`id`, `memberId`, `name`, `phone`, `areaId`, `address`, `postCode`, `createTime`) VALUES
(1, 1, 'è’‹æ·±', '13402155751', 110103, 'address1', '', 1514171351),
(2, 1, 'è’‹æ·±', '13402155751', 110103, 'address2', '', 1514171553),
(3, 2, 'å­™ä½³ç‘œ', '13764882106', 310104, 'xlç å“¦æ¥äº†å“¦æ— èŠ', '', 1514517844),
(5, 2, 'ç©ºè°ƒ', '13764882106', 110101, 'é€šç”¨', '', 1514518074),
(6, 2, 'å­™ä½³ç‘œ2', '13764882407', 310106, 'ä¸‰é—¨è·¯353å¼„50å·302', '2000000', 1514518538);

-- --------------------------------------------------------

--
-- è¡¨çš„ç»“æ„ `category`
--

CREATE TABLE IF NOT EXISTS `category` (
  `id` int(10) NOT NULL AUTO_INCREMENT COMMENT 'ä¸»é”®',
  `name` varchar(200) COLLATE utf8_bin NOT NULL COMMENT 'åç§°',
  `pid` int(10) DEFAULT NULL COMMENT 'çˆ¶åˆ†ç±»id',
  PRIMARY KEY (`id`)
) ENGINE=InnoDB DEFAULT CHARSET=utf8 COLLATE=utf8_bin COMMENT='åˆ†ç±»' AUTO_INCREMENT=1 ;

-- --------------------------------------------------------

--
-- è¡¨çš„ç»“æ„ `member`
--

CREATE TABLE IF NOT EXISTS `member` (
  `id` int(10) NOT NULL AUTO_INCREMENT COMMENT 'ä¸»é”®',
  `phone` varchar(200) COLLATE utf8_bin NOT NULL COMMENT 'æ‰‹æœºå·',
  `nickName` varchar(200) COLLATE utf8_bin DEFAULT NULL COMMENT 'æ˜µç§°',
  `wechatUnionID` varchar(200) COLLATE utf8_bin DEFAULT NULL COMMENT 'å¾®ä¿¡UnionID',
  `wechatOpenID` varchar(200) COLLATE utf8_bin DEFAULT NULL COMMENT 'å¾®ä¿¡OpenID',
  `initTime` int(10) NOT NULL COMMENT 'æ³¨å†Œæ—¶é—´',
  `locked` int(10) NOT NULL COMMENT 'é”å®š(0=æ­£å¸¸/1=é”å®š)',
  PRIMARY KEY (`id`),
  UNIQUE KEY `phone` (`phone`),
  UNIQUE KEY `wechatUnionID` (`wechatUnionID`),
  UNIQUE KEY `wechatOpenID` (`wechatOpenID`)
) ENGINE=InnoDB  DEFAULT CHARSET=utf8 COLLATE=utf8_bin COMMENT='ä¼šå‘˜ä¸»è¡¨' AUTO_INCREMENT=9 ;

--
-- è½¬å­˜è¡¨ä¸­çš„æ•°æ® `member`
--

INSERT INTO `member` (`id`, `phone`, `nickName`, `wechatUnionID`, `wechatOpenID`, `initTime`, `locked`) VALUES
(1, '13402155751', 'è’‹æ·±', NULL, 'o2OSC09-ma0l6ZlYpIRAa9za0zRw', 1514178125, 0),
(2, '13764882106', 'å­™ä½³ç‘œ', NULL, 'o2OSC0wWwpZmvH-H1A3TWsYg3q4k', 1514178205, 0),
(3, '18721231406', NULL, NULL, 'o2OSC08Ai2i1ryfpeXQcQ2xbbCcM', 1514184571, 0),
(4, '13918317673', NULL, NULL, 'o2OSC0wypknkRSLaAMzz06ggg15w', 1514271211, 0),
(5, '17717902713', NULL, NULL, 'o2OSC08ki1anqVTSVREC0AnPXCpU', 1514271520, 0),
(7, '15901754535', '', NULL, 'o2OSC00BGNC1akYIw0VDllppomYg', 1514890707, 0),
(8, '13761264048', '', NULL, 'o2OSC0zslwjpoOarxi8gnTftU39M', 1514890802, 0);

-- --------------------------------------------------------

--
-- è¡¨çš„ç»“æ„ `shopping_cart_record`
--

CREATE TABLE IF NOT EXISTS `shopping_cart_record` (
  `id` int(10) NOT NULL AUTO_INCREMENT COMMENT 'ä¸»é”®',
  `memberId` int(10) NOT NULL COMMENT 'ä¼šå‘˜id',
  `salesUnitType` int(10) NOT NULL COMMENT 'å”®å–å•å…ƒç±»å‹',
  `salesUnitId` int(10) NOT NULL COMMENT 'å”®å–å•å…ƒid',
  `count` int(10) NOT NULL COMMENT 'è´­ä¹°æ•°é‡',
  PRIMARY KEY (`id`),
  UNIQUE KEY `memberId` (`memberId`,`salesUnitType`,`salesUnitId`)
) ENGINE=InnoDB  DEFAULT CHARSET=utf8 COLLATE=utf8_bin COMMENT='è´­ç‰©è½¦è®°å½•' AUTO_INCREMENT=17 ;

--
-- è½¬å­˜è¡¨ä¸­çš„æ•°æ® `shopping_cart_record`
--

INSERT INTO `shopping_cart_record` (`id`, `memberId`, `salesUnitType`, `salesUnitId`, `count`) VALUES
(1, 1, 1, 1, 11),
(2, 1, 1, 2, 2),
(3, 1, 1, 3, 3),
(4, 1, 1, 4, 4),
(5, 1, 1, 5, 5),
(6, 1, 1, 6, 6),
(7, 2, 1, 1, 5),
(8, 2, 1, 2, 2),
(9, 2, 1, 3, 2),
(10, 2, 1, 4, 4),
(11, 2, 1, 5, 2),
(12, 2, 1, 6, 1),
(13, 3, 1, 2, 1),
(14, 3, 1, 3, 1),
(15, 3, 1, 4, 1),
(16, 3, 1, 5, 1);

-- --------------------------------------------------------

--
-- è¡¨çš„ç»“æ„ `sku`
--

CREATE TABLE IF NOT EXISTS `sku` (
  `id` int(10) NOT NULL AUTO_INCREMENT COMMENT 'ä¸»é”®',
  `spuId` int(10) NOT NULL COMMENT 'æ‰€å±å•†å“id',
  `title` varchar(200) COLLATE utf8_bin NOT NULL COMMENT 'æ ‡é¢˜',
  `price` int(10) NOT NULL COMMENT 'ä»·æ ¼',
  `count` int(10) NOT NULL COMMENT 'åº“å­˜æ•°é‡',
  `closed` int(10) NOT NULL COMMENT 'æ˜¯å¦ä¸‹æ¶(0=ä¸Šæ¶/1=ä¸‹æ¶)',
  `locked` int(10) NOT NULL COMMENT 'é”å®š(0=æ­£å¸¸/1=é”å®š)',
  PRIMARY KEY (`id`),
  UNIQUE KEY `spuId` (`spuId`,`title`)
) ENGINE=InnoDB  DEFAULT CHARSET=utf8 COLLATE=utf8_bin COMMENT='åº“å­˜é‡å•ä½' AUTO_INCREMENT=7 ;

--
-- è½¬å­˜è¡¨ä¸­çš„æ•°æ® `sku`
--

INSERT INTO `sku` (`id`, `spuId`, `title`, `price`, `count`, `closed`, `locked`) VALUES
(1, 1, 'æµ‹è¯•å•†å“1å‹å·A', 100, 180, 0, 0),
(2, 1, 'æµ‹è¯•å•†å“1å‹å·B', 200, 100, 0, 0),
(3, 2, 'æµ‹è¯•å•†å“2å‹å·A', 150, 100, 0, 0),
(4, 2, 'æµ‹è¯•å•†å“2å‹å·B', 250, 100, 0, 0),
(5, 3, 'æµ‹è¯•å•†å“3å‹å·A', 400, 100, 0, 0),
(6, 4, 'æµ‹è¯•å•†å“4å‹å·A', 300, 100, 0, 0);

-- --------------------------------------------------------

--
-- è¡¨çš„ç»“æ„ `sku_count_log`
--

CREATE TABLE IF NOT EXISTS `sku_count_log` (
  `id` int(10) NOT NULL AUTO_INCREMENT COMMENT 'ä¸»é”®',
  `type` int(10) NOT NULL COMMENT 'è®°å½•ç±»å‹',
  `skuId` int(10) NOT NULL COMMENT 'åº“å­˜é‡å•ä½id',
  `count` int(10) NOT NULL COMMENT 'åº“å­˜æ”¹å˜é‡',
  `detail` varchar(200) COLLATE utf8_bin NOT NULL COMMENT 'è¯¦æƒ…',
  `createTime` int(10) NOT NULL COMMENT 'è®°å½•æ—¶é—´',
  PRIMARY KEY (`id`)
) ENGINE=InnoDB  DEFAULT CHARSET=utf8 COLLATE=utf8_bin COMMENT='åº“å­˜å˜åŠ¨è®°å½•' AUTO_INCREMENT=15 ;

--
-- è½¬å­˜è¡¨ä¸­çš„æ•°æ® `sku_count_log`
--

INSERT INTO `sku_count_log` (`id`, `type`, `skuId`, `count`, `detail`, `createTime`) VALUES
(1, 1, 1, 100, '{"staffId":1}', 1514192466),
(2, 1, 1, 10, '{"staffId":1}', 1514192504),
(3, 1, 1, 10, '{"staffId":1}', 1514193013),
(4, 1, 1, 10, '{"staffId":1}', 1514193036),
(5, 1, 1, 10, '{"staffId":1}', 1514193058),
(6, 1, 1, 10, '{"staffId":1}', 1514517075),
(7, 1, 1, 10, '{"staffId":1}', 1514517108),
(8, 1, 1, 10, '{"staffId":1}', 1514517145),
(9, 1, 1, 10, '{"staffId":1}', 1514534102),
(10, 1, 2, 100, '{"staffId":1}', 1514961886),
(11, 1, 3, 100, '{"staffId":1}', 1514961894),
(12, 1, 4, 100, '{"staffId":1}', 1514961909),
(13, 1, 5, 100, '{"staffId":1}', 1514961917),
(14, 1, 6, 100, '{"staffId":1}', 1514961935);

-- --------------------------------------------------------

--
-- è¡¨çš„ç»“æ„ `smart_identifying_code_order`
--

CREATE TABLE IF NOT EXISTS `smart_identifying_code_order` (
  `id` int(10) NOT NULL AUTO_INCREMENT COMMENT 'ä¸»é”®',
  `identifyingCode` varchar(200) COLLATE utf8_bin NOT NULL COMMENT 'éªŒè¯ç ',
  `type` int(10) NOT NULL COMMENT 'éªŒè¯ç è®¢å•ç±»å‹',
  `data` varchar(500) COLLATE utf8_bin NOT NULL COMMENT 'ä¿ç•™åŸŸæ•°æ®',
  `createTime` int(10) NOT NULL COMMENT 'åˆ›å»ºæ—¶é—´æˆ³',
  `state` int(10) NOT NULL COMMENT '0=å¾…éªŒè¯/1=éªŒè¯æˆåŠŸ',
  PRIMARY KEY (`id`)
) ENGINE=InnoDB  DEFAULT CHARSET=utf8 COLLATE=utf8_bin COMMENT='éªŒè¯ç æ ¡éªŒ' AUTO_INCREMENT=19 ;

--
-- è½¬å­˜è¡¨ä¸­çš„æ•°æ® `smart_identifying_code_order`
--

INSERT INTO `smart_identifying_code_order` (`id`, `identifyingCode`, `type`, `data`, `createTime`, `state`) VALUES
(1, '555691', 1, '{"phone":"13402155751","wechatOpenID":"o2OSC09-ma0l6ZlYpIRAa9za0zRw"}', 1514178111, 1),
(2, '427652', 1, '{"phone":"13764882106","wechatOpenID":"o2OSC0wWwpZmvH-H1A3TWsYg3q4k"}', 1514178184, 1),
(3, '301839', 1, '{"phone":"18721231406","wechatOpenID":"o2OSC08Ai2i1ryfpeXQcQ2xbbCcM"}', 1514184554, 1),
(4, '802137', 2, '{"id":1}', 1514185756, 0),
(5, '624213', 2, '{"id":1}', 1514186479, 1),
(6, '482367', 1, '{"phone":"13918317673","wechatOpenID":"o2OSC0wypknkRSLaAMzz06ggg15w"}', 1514270932, 0),
(7, '604112', 1, '{"phone":"13918317673","wechatOpenID":"o2OSC0wypknkRSLaAMzz06ggg15w"}', 1514271100, 1),
(8, '691053', 1, '{"phone":"17717902713","wechatOpenID":"o2OSC08ki1anqVTSVREC0AnPXCpU"}', 1514271500, 1),
(9, '908799', 2, '{"id":1}', 1514457070, 0),
(10, '865424', 2, '{"id":1}', 1514514815, 1),
(11, '153971', 1, '{"phone":"13761264048","wechatOpenID":"o2OSC0zslwjpoOarxi8gnTftU39M"}', 1514888384, 0),
(12, '859429', 1, '{"phone":"13764882106","wechatOpenID":"o2OSC0wWwpZmvH-H1A3TWsYg3q4k"}', 1514888566, 0),
(13, '412814', 1, '{"phone":"13764882106","wechatOpenID":"o2OSC0wWwpZmvH-H1A3TWsYg3q4k"}', 1514888649, 0),
(14, '607204', 1, '{"phone":"13764882106","wechatOpenID":"o2OSC0wWwpZmvH-H1A3TWsYg3q4k"}', 1514888761, 0),
(15, '762613', 1, '{"phone":"13764882106","wechatOpenID":"o2OSC0wWwpZmvH-H1A3TWsYg3q4k"}', 1514888850, 1),
(16, '800889', 1, '{"phone":"15901754535","wechatOpenID":"o2OSC00BGNC1akYIw0VDllppomYg"}', 1514890517, 1),
(17, '598524', 1, '{"phone":"13761264048","wechatOpenID":"o2OSC0zslwjpoOarxi8gnTftU39M"}', 1514890788, 1),
(18, '690049', 2, '{"id":1}', 1514961807, 1);

-- --------------------------------------------------------

--
-- è¡¨çš„ç»“æ„ `smart_token_record`
--

CREATE TABLE IF NOT EXISTS `smart_token_record` (
  `id` int(10) NOT NULL AUTO_INCREMENT COMMENT 'ä¸»é”®',
  `type` int(10) NOT NULL COMMENT 'ç±»å‹ä»¤ç‰Œç±»å‹',
  `token` varchar(200) COLLATE utf8_bin NOT NULL COMMENT 'ä»¤ç‰Œ',
  `data` varchar(200) COLLATE utf8_bin NOT NULL COMMENT 'ä¿ç•™åŸŸæ•°æ®',
  `createTime` int(10) NOT NULL COMMENT 'åˆ›å»ºä»¤ç‰Œæ—¶é—´æˆ³',
  `isTimeOut` int(10) NOT NULL COMMENT 'æ˜¯å¦è¶…æ—¶(0=æœªè¶…æ—¶/1=è¶…æ—¶)',
  PRIMARY KEY (`id`),
  UNIQUE KEY `token` (`token`)
) ENGINE=InnoDB  DEFAULT CHARSET=utf8 COLLATE=utf8_bin COMMENT='ä»¤ç‰Œ' AUTO_INCREMENT=30 ;

--
-- è½¬å­˜è¡¨ä¸­çš„æ•°æ® `smart_token_record`
--

INSERT INTO `smart_token_record` (`id`, `type`, `token`, `data`, `createTime`, `isTimeOut`) VALUES
(1, 1, '5a408a1b025ae991807', '1', 1514179099, 1),
(2, 1, '5a40972e11d7f198811', '2', 1514182446, 1),
(3, 1, '5a409f7b13edf864881', '3', 1514184571, 1),
(4, 2, '5a40a73490f4a381347', '1', 1514186548, 1),
(5, 1, '5a41a809930fe300482', '2', 1514252297, 1),
(6, 1, '5a41d6710786f847249', '1', 1514264177, 1),
(7, 1, '5a41e4508b26f634928', '3', 1514267728, 1),
(8, 1, '5a41f1ebd4f09965277', '4', 1514271211, 0),
(9, 1, '5a41f3205f6bf642957', '5', 1514271520, 0),
(10, 1, '5a421f5b1654c636745', '2', 1514282843, 1),
(11, 1, '5a430388f34c9767279', '2', 1514341256, 1),
(12, 1, '5a430431ee172242295', '1', 1514341425, 1),
(13, 1, '5a44530f62018269341', '2', 1514427151, 1),
(14, 1, '5a449fc3f09ec537868', '3', 1514446787, 1),
(15, 1, '5a44c733a8765781955', '1', 1514456883, 1),
(16, 1, '5a44c7efe282c475585', '2', 1514457071, 1),
(17, 1, '5a45a8a2a292c778917', '2', 1514514594, 1),
(18, 2, '5a45a9b46a94f751030', '1', 1514514868, 1),
(19, 1, '5a45f2795ad69632486', '1', 1514533497, 1),
(20, 1, '5a4b38e64fee9845730', '1', 1514879206, 1),
(21, 1, '5a4b39aeda3b1742919', '2', 1514879406, 1),
(22, 1, '5a4b5ea6962fe439371', '6', 1514888870, 0),
(23, 1, '5a4b62c99ceb3920925', '3', 1514889929, 1),
(24, 1, '5a4b65d395f5d238281', '7', 1514890707, 0),
(25, 1, '5a4b66326ec1d468695', '8', 1514890802, 0),
(26, 1, '5a4c3b48d68af114067', '2', 1514945352, 0),
(27, 2, '5a4c7bbb58f8a744873', '1', 1514961851, 0),
(28, 1, '5a4c7c4364a30841688', '1', 1514961987, 0),
(29, 1, '5a4ca8f3a0c79661566', '3', 1514973427, 0);

-- --------------------------------------------------------

--
-- è¡¨çš„ç»“æ„ `spu`
--

CREATE TABLE IF NOT EXISTS `spu` (
  `id` int(11) NOT NULL AUTO_INCREMENT COMMENT 'ä¸»é”®',
  `title` varchar(200) COLLATE utf8_bin NOT NULL COMMENT 'æ ‡é¢˜',
  `desc` varchar(500) COLLATE utf8_bin DEFAULT NULL COMMENT 'æè¿°',
  `cover` varchar(200) COLLATE utf8_bin DEFAULT NULL COMMENT 'å°é¢å›¾',
  `freight` int(10) NOT NULL COMMENT 'è¿è´¹',
  `detail` text COLLATE utf8_bin COMMENT 'å•†å“è¯¦æƒ…',
  `uri` varchar(200) COLLATE utf8_bin DEFAULT NULL COMMENT 'å•†å“é¡µuri',
  `memberId` int(10) NOT NULL COMMENT 'æ¨èäººid',
  `closed` int(10) NOT NULL COMMENT 'æ˜¯å¦ä¸‹æ¶(0=ä¸Šæ¶/1=ä¸‹æ¶)',
  `locked` int(10) NOT NULL COMMENT 'é”å®š(0=æ­£å¸¸/1=é”å®š)',
  PRIMARY KEY (`id`),
  UNIQUE KEY `title` (`title`,`uri`)
) ENGINE=InnoDB  DEFAULT CHARSET=utf8 COLLATE=utf8_bin COMMENT='äº§å“' AUTO_INCREMENT=5 ;

--
-- è½¬å­˜è¡¨ä¸­çš„æ•°æ® `spu`
--

INSERT INTO `spu` (`id`, `title`, `desc`, `cover`, `freight`, `detail`, `uri`, `memberId`, `closed`, `locked`) VALUES
(1, 'æµ‹è¯•å•†å“1', 'æµ‹è¯•å•†å“1çš„æè¿°', 'https://www.baidu.com/', 10, 'æµ‹è¯•å•†å“1çš„è¯¦æƒ…', NULL, 1, 0, 0),
(2, 'æµ‹è¯•å•†å“2', 'æµ‹è¯•å•†å“2çš„æè¿°', 'https://www.baidu.com/', 20, 'æµ‹è¯•å•†å“2çš„è¯¦æƒ…', NULL, 1, 0, 0),
(3, 'æµ‹è¯•å•†å“3', 'æµ‹è¯•å•†å“3çš„æè¿°', 'https://www.baidu.com/', 15, 'æµ‹è¯•å•†å“3çš„è¯¦æƒ…', NULL, 2, 0, 0),
(4, 'æµ‹è¯•å•†å“4', 'æµ‹è¯•å•†å“4çš„æè¿°', 'https://www.baidu.com/', 25, 'æµ‹è¯•å•†å“4çš„è¯¦æƒ…', NULL, 2, 0, 0);

-- --------------------------------------------------------

--
-- è¡¨çš„ç»“æ„ `staff`
--

CREATE TABLE IF NOT EXISTS `staff` (
  `id` int(10) NOT NULL AUTO_INCREMENT COMMENT 'ä¸»é”®',
  `phone` varchar(200) COLLATE utf8_bin NOT NULL COMMENT 'æ‰‹æœºå·',
  `name` varchar(200) COLLATE utf8_bin NOT NULL COMMENT 'å§“å',
  `locked` int(10) NOT NULL COMMENT 'é”å®š(0=æ­£å¸¸/1=é”å®š)',
  PRIMARY KEY (`id`),
  UNIQUE KEY `phone` (`phone`)
) ENGINE=InnoDB  DEFAULT CHARSET=utf8 COLLATE=utf8_bin COMMENT='å‘˜å·¥' AUTO_INCREMENT=2 ;

--
-- è½¬å­˜è¡¨ä¸­çš„æ•°æ® `staff`
--

INSERT INTO `staff` (`id`, `phone`, `name`, `locked`) VALUES
(1, '13402155751', 'è’‹æ·±', 0);

/*!40101 SET CHARACTER_SET_CLIENT=@OLD_CHARACTER_SET_CLIENT */;
/*!40101 SET CHARACTER_SET_RESULTS=@OLD_CHARACTER_SET_RESULTS */;
/*!40101 SET COLLATION_CONNECTION=@OLD_COLLATION_CONNECTION */;
